seq,seq_count,rev_complement,rev_complement_count,ratio,deviation_%,CG_%
TTT,1112748.0,AAA,1022918.0,1.08782,8.782,0.0
TAG,633488.0,CTA,589037.0,1.07546,7.546,33.333
GTT,707637.0,AAC,665936.0,1.06262,6.262,33.333
GTC,505156.0,GAC,481642.0,1.04882,4.882,66.667
GAC,481642.0,GTC,505156.0,0.95345,4.655,66.667
GCC,610441.0,GGC,586857.0,1.04019,4.019,100.0
GGC,586857.0,GCC,610441.0,0.96137,3.863,100.0
TTA,901155.0,TAA,869192.0,1.03677,3.677,0.0
GGG,626856.0,CCC,650054.0,0.96431,3.569,100.0
TAA,869192.0,TTA,901155.0,0.96453,3.547,0.0
GCT,693674.0,AGC,718599.0,0.96531,3.469,66.667
TCC,812748.0,GGA,786777.0,1.03301,3.301,66.667
GTG,611292.0,CAC,592096.0,1.03242,3.242,66.667
GGA,786777.0,TCC,812748.0,0.96805,3.195,66.667
TGA,802229.0,TCA,777841.0,1.03135,3.135,33.333
TCA,777841.0,TGA,802229.0,0.9696,3.04,33.333
GAT,776391.0,ATC,796480.0,0.97478,2.522,33.333
GGT,578100.0,ACC,567065.0,1.01946,1.946,66.667
TCG,470619.0,CGA,461678.0,1.01937,1.937,66.667
TGG,792453.0,CCA,807117.0,0.98183,1.817,66.667
TTG,812370.0,CAA,826878.0,0.98245,1.755,33.333
GAG,787241.0,CTC,773849.0,1.01731,1.731,66.667
GCG,401459.0,CGC,407775.0,0.98451,1.549,100.0
GAA,892265.0,TTC,879936.0,1.01401,1.401,33.333
TTC,879936.0,GAA,892265.0,0.98618,1.382,33.333
GTA,644839.0,TAC,636290.0,1.01344,1.344,33.333
TAC,636290.0,GTA,644839.0,0.98674,1.326,33.333
GCA,732402.0,TGC,724874.0,1.01039,1.039,66.667
TGC,724874.0,GCA,732402.0,0.98972,1.028,66.667
TGT,767986.0,ACA,774930.0,0.99104,0.896,33.333
TCT,893546.0,AGA,886922.0,1.00747,0.747,33.333
TAT,745150.0,ATA,749535.0,0.99415,0.585,0.0
