seq,seq_count,rev_complement,rev_complement_count,ratio,deviation_%,CG_%
GT,2469432.0,AC,2376272.0,1.0392,3.92,50.0
TT,3707399.0,AA,3611949.0,1.02643,2.643,0.0
GG,2579050.0,CC,2640603.0,0.97669,2.331,100.0
TC,2955724.0,GA,2938178.0,1.00597,0.597,50.0
GA,2938178.0,TC,2955724.0,0.99406,0.594,50.0
TG,3088238.0,CA,3092692.0,0.99856,0.144,50.0
GC,2438487.0,GC,2438487.0,1.0,0.0,100.0
TA,2884965.0,TA,2884965.0,1.0,0.0,0.0
