seq,seq_count,rev_complement,rev_complement_count,ratio,deviation_%,CG_%
TCT,13128360.0,AGA,12397105.0,1.05899,5.899,33.33333333333333
GAG,8975783.0,CTC,9532645.0,0.94158,5.842,66.66666666666666
TCC,9494410.0,GGA,9013609.0,1.05334,5.334,66.66666666666666
GGG,6965076.0,CCC,7340724.0,0.94883,5.117,100.0
GGA,9013609.0,TCC,9494410.0,0.94936,5.064,66.66666666666666
TTC,12870653.0,GAA,12255337.0,1.05021,5.021,33.33333333333333
GAA,12255337.0,TTC,12870653.0,0.95219,4.781,33.33333333333333
TTT,23563317.0,AAA,22594984.0,1.04286,4.286,0.0
GTC,5321154.0,GAC,5172615.0,1.02872,2.872,66.66666666666666
GAC,5172615.0,GTC,5321154.0,0.97209,2.791,66.66666666666666
TGC,8125768.0,GCA,7931656.0,1.02447,2.447,66.66666666666666
GTG,8248038.0,CAC,8452005.0,0.97587,2.413,66.66666666666666
GCA,7931656.0,TGC,8125768.0,0.97611,2.389,66.66666666666666
GCG,1330321.0,CGC,1359005.0,0.97889,2.111,100.0
TTG,11331287.0,CAA,11107901.0,1.02011,2.011,33.33333333333333
TCG,1603051.0,CGA,1572764.0,1.01926,1.926,66.66666666666666
TGG,10557597.0,CCA,10756269.0,0.98153,1.847,66.66666666666666
TGT,11861112.0,ACA,11648265.0,1.01827,1.827,33.33333333333333
GGT,6290464.0,ACC,6407476.0,0.98174,1.826,66.66666666666666
GCT,7622587.0,AGC,7494599.0,1.01708,1.708,66.66666666666666
GTT,8753878.0,AAC,8627715.0,1.01462,1.462,33.33333333333333
GCC,6274757.0,GGC,6201977.0,1.01173,1.173,100.0
GGC,6201977.0,GCC,6274757.0,0.9884,1.16,100.0
TAT,12989416.0,ATA,12840851.0,1.01157,1.157,0.0
TTA,12390784.0,TAA,12263879.0,1.01035,1.035,0.0
TAA,12263879.0,TTA,12390784.0,0.98976,1.024,0.0
TCA,11563037.0,TGA,11446575.0,1.01017,1.017,33.33333333333333
TGA,11446575.0,TCA,11563037.0,0.98993,1.007,33.33333333333333
TAC,6741424.0,GTA,6678521.0,1.00942,0.942,33.33333333333333
GTA,6678521.0,TAC,6741424.0,0.99067,0.933,33.33333333333333
GAT,8002387.0,ATC,8076628.0,0.99081,0.919,33.33333333333333
TAG,7443396.0,CTA,7489642.0,0.99383,0.617,33.33333333333333
