seq,seq_count,rev_complement,rev_complement_count,ratio,deviation_%,CG_%
TC,36034175.0,GA,34642136.0,1.04018,4.018,50.0
GA,34642136.0,TC,36034175.0,0.96137,3.863,50.0
GG,28669889.0,CC,29718589.0,0.96471,3.529,100.0
TT,60566055.0,AA,58672942.0,1.03227,3.227,0.0
TG,42275442.0,CA,42202528.0,1.00173,0.173,50.0
GT,29197550.0,AC,29195359.0,1.00008,0.008,50.0
GC,23320134.0,GC,23320134.0,1.0,0.0,100.0
TA,39704554.0,TA,39704554.0,1.0,0.0,0.0
