seq,seq_count,rev_complement,rev_complement_count,ratio,deviation_%,CG_%
TT,209828641.0,AA,203656511.0,1.03031,3.031,0.0
TC,130481163.0,GA,128287779.0,1.0171,1.71,50.0
GA,128287779.0,TC,130481163.0,0.98319,1.681,50.0
GT,107267969.0,AC,105784411.0,1.01402,1.402,50.0
GG,111284400.0,CC,112529725.0,0.98893,1.107,100.0
TG,155775638.0,CA,154945978.0,1.00535,0.535,50.0
GC,89981826.0,GC,89981826.0,1.0,0.0,100.0
TA,135020235.0,TA,135020235.0,1.0,0.0,0.0
