seq,seq_count,rev_complement,rev_complement_count,ratio,deviation_%,CG_%
TTC,45564478.0,GAA,43639145.0,1.04412,4.412,33.333
GAA,43639145.0,TTC,45564478.0,0.95774,4.226,33.333
TCC,35544420.0,GGA,34264262.0,1.03736,3.736,66.667
GGA,34264262.0,TCC,35544420.0,0.96398,3.602,66.667
TTT,81030656.0,AAA,78300093.0,1.03487,3.487,0.0
GTT,31383107.0,AAC,30549171.0,1.0273,2.73,33.333
TTG,40727455.0,CAA,39673698.0,1.02656,2.656,33.333
TCT,47380547.0,AGA,46336956.0,1.02252,2.252,33.333
TGT,42880269.0,ACA,41946964.0,1.02225,2.225,33.333
GTC,20148893.0,GAC,19842930.0,1.01542,1.542,66.667
GAC,19842930.0,GTC,20148893.0,0.98481,1.519,66.667
TGG,40225598.0,CCA,40845673.0,0.98482,1.518,66.667
GAT,29061183.0,ATC,28638624.0,1.01475,1.475,33.333
TCG,5797950.0,CGA,5720615.0,1.01352,1.352,66.667
TAT,42633887.0,ATA,42159909.0,1.01124,1.124,0.0
TTA,42479906.0,TAA,42017215.0,1.01101,1.101,0.0
TAA,42017215.0,TTA,42479906.0,0.98911,1.089,0.0
GGT,24454466.0,ACC,24194197.0,1.01076,1.076,66.667
GAG,35732228.0,CTC,36116961.0,0.98935,1.065,66.667
TGC,30701779.0,GCA,30393592.0,1.01014,1.014,66.667
GCA,30393592.0,TGC,30701779.0,0.98996,1.004,66.667
GCT,29304088.0,AGC,29061074.0,1.00836,0.836,66.667
GTG,32186982.0,CAC,31943057.0,1.00764,0.764,66.667
GGG,27629719.0,CCC,27787314.0,0.99433,0.567,100.0
TGA,41952063.0,TCA,41743712.0,1.00499,0.499,33.333
TCA,41743712.0,TGA,41952063.0,0.99503,0.497,33.333
GTA,23538164.0,TAC,23437820.0,1.00428,0.428,33.333
TAC,23437820.0,GTA,23538164.0,0.99574,0.426,33.333
TAG,26916582.0,CTA,26827824.0,1.00331,0.331,33.333
GCC,24991213.0,GGC,24923991.0,1.0027,0.27,100.0
GGC,24923991.0,GCC,24991213.0,0.99731,0.269,100.0
GCG,5283638.0,CGC,5285602.0,0.99963,0.037,100.0
